StationID,Kiosk1_SelectedImage,Kiosk1_SelectedAttack,Kiosk1_MobileUPI,Kiosk1_ChargeAmount,Kiosk1_PointsChange,Kiosk1_ChargeCost,Kiosk1_CyberAttackLoss,Kiosk1_StartingCharge,Kiosk1_EndingCharge,Kiosk2_SelectedImage,Kiosk2_SelectedAttack,Kiosk2_MobileUPI,Kiosk2_ChargeAmount,Kiosk2_PointsChange,Kiosk2_ChargeCost,Kiosk2_CyberAttackLoss,Kiosk2_StartingCharge,Kiosk2_EndingCharge,Kiosk3_SelectedImage,Kiosk3_SelectedAttack,Kiosk3_MobileUPI,Kiosk3_ChargeAmount,Kiosk3_PointsChange,Kiosk3_ChargeCost,Kiosk3_CyberAttackLoss,Kiosk3_StartingCharge,Kiosk3_EndingCharge
1,deepfake4.png,Cyber Attack,,25,0,50,10,22,47,real6.png,Safe,,60,0,60,0,27,87,real6.png,Cyber Attack,,20,0,40,10,51,71
2,deepfake1.png,Cyber Attack,,15,0,30,10,52,67,real6.png,Cyber Attack,,10,0,20,10,46,56,real4.png,Safe,,20,0,20,0,30,50
3,deepfake5.png,Safe,,20,0,20,0,28,48,real6.png,Cyber Attack,,10,0,20,10,26,36,real4.png,Safe,,30,0,30,0,17,47
4,real4.png,Safe,,20,0,20,0,21,41,deepfake4.png,Cyber Attack,,7,0,15,10,32,39,real6.png,Safe,,20,0,20,0,23,43
5,deepfake1.png,Cyber Attack,,12,0,25,10,17,29,deepfake3.png,Safe,,20,0,20,0,13,33,real6.png,Safe,,40,0,40,0,4,44
6,deepfake3.png,Cyber Attack,,10,0,20,10,27,37,real4.png,Safe,,25,0,25,0,19,44,real4.png,Safe,,25,0,25,0,31,56
7,real4.png,Safe,,20,0,20,0,40,60,deepfake2.png,Cyber Attack,,7,0,15,10,45,52,deepfake4.png,Cyber Attack,,25,0,50,10,22,47
8,real6.png,Safe,,60,0,60,0,27,87,real6.png,Cyber Attack,,20,0,40,10,51,71,deepfake1.png,Cyber Attack,,15,0,30,10,52,67
9,real6.png,Cyber Attack,,10,0,20,10,46,56,real4.png,Safe,,20,0,20,0,30,50,deepfake5.png,Safe,,20,0,20,0,28,48
10,real6.png,Cyber Attack,,10,0,20,10,26,36,real4.png,Safe,,30,0,30,0,17,47,real4.png,Safe,,20,0,20,0,21,41
11,deepfake4.png,Cyber Attack,,7,0,15,10,32,39,real6.png,Safe,,20,0,20,0,23,43,deepfake1.png,Cyber Attack,,12,0,25,10,17,29
12,deepfake3.png,Safe,,20,0,20,0,13,33,real6.png,Safe,,40,0,40,0,4,44,deepfake3.png,Cyber Attack,,10,0,20,10,27,37
13,real4.png,Safe,,25,0,25,0,19,44,real4.png,Safe,,25,0,25,0,31,56,real4.png,Safe,,20,0,20,0,40,60
14,deepfake2.png,Cyber Attack,,7,0,15,10,45,52,deepfake4.png,Cyber Attack,,25,0,50,10,22,47,real6.png,Safe,,60,0,60,0,27,87
15,real6.png,Cyber Attack,,20,0,40,10,51,71,deepfake1.png,Cyber Attack,,15,0,30,10,52,67,real6.png,Cyber Attack,,10,0,20,10,46,56
16,real4.png,Safe,,20,0,20,0,30,50,deepfake5.png,Safe,,20,0,20,0,28,48,real6.png,Cyber Attack,,10,0,20,10,26,36
17,real4.png,Safe,,30,0,30,0,17,47,real4.png,Safe,,20,0,20,0,21,41,deepfake4.png,Cyber Attack,,7,0,15,10,32,39
18,real6.png,Safe,,20,0,20,0,23,43,deepfake1.png,Cyber Attack,,12,0,25,10,17,29,deepfake3.png,Safe,,20,0,20,0,13,33
19,real6.png,Safe,,40,0,40,0,4,44,deepfake3.png,Cyber Attack,,10,0,20,10,27,37,real4.png,Safe,,25,0,25,0,19,44
20,real4.png,Safe,,25,0,25,0,31,56,real4.png,Safe,,20,0,20,0,40,60,deepfake2.png,Cyber Attack,,7,0,15,10,45,52
19,real6.png,Safe,,40,0,40,0,4,44,deepfake3.png,Cyber Attack,,10,0,20,10,27,37,real4.png,Safe,,25,0,25,0,19,44
11,deepfake4.png,Cyber Attack,,7,0,15,10,32,39,real6.png,Safe,,20,0,20,0,23,43,deepfake1.png,Cyber Attack,,12,0,25,10,17,29
5,deepfake1.png,Cyber Attack,,12,0,25,10,17,29,deepfake3.png,Safe,,20,0,20,0,13,33,real6.png,Safe,,40,0,40,0,4,44
11,deepfake4.png,Cyber Attack,,7,0,15,10,32,39,real6.png,Safe,,20,0,20,0,23,43,deepfake1.png,Cyber Attack,,12,0,25,10,17,29
2,deepfake1.png,Cyber Attack,,15,0,30,10,52,67,real6.png,Cyber Attack,,10,0,20,10,46,56,real4.png,Safe,,20,0,20,0,30,50
8,real6.png,Safe,,60,0,60,0,27,87,real6.png,Cyber Attack,,20,0,40,10,51,71,deepfake1.png,Cyber Attack,,15,0,30,10,52,67
19,real6.png,Safe,,40,0,40,0,4,44,deepfake3.png,Cyber Attack,,10,0,20,10,27,37,real4.png,Safe,,25,0,25,0,19,44
12,deepfake3.png,Safe,,20,0,20,0,13,33,real6.png,Safe,,40,0,40,0,4,44,deepfake3.png,Cyber Attack,,10,0,20,10,27,37
7,real4.png,Safe,,20,0,20,0,40,60,deepfake2.png,Cyber Attack,,7,0,15,10,45,52,deepfake4.png,Cyber Attack,,25,0,50,10,22,47
7,real4.png,Safe,,20,0,20,0,40,60,deepfake2.png,Cyber Attack,,7,0,15,10,45,52,deepfake4.png,Cyber Attack,,25,0,50,10,22,47
5,deepfake1.png,Cyber Attack,,12,0,25,10,17,29,deepfake3.png,Safe,,20,0,20,0,13,33,real6.png,Safe,,40,0,40,0,4,44
4,real4.png,Safe,,20,0,20,0,21,41,deepfake4.png,Cyber Attack,,7,0,15,10,32,39,real6.png,Safe,,20,0,20,0,23,43
4,real4.png,Safe,,20,0,20,0,21,41,deepfake4.png,Cyber Attack,,7,0,15,10,32,39,real6.png,Safe,,20,0,20,0,23,43
2,deepfake1.png,Cyber Attack,,15,0,30,10,52,67,real6.png,Cyber Attack,,10,0,20,10,46,56,real4.png,Safe,,20,0,20,0,30,50
17,real4.png,Safe,,30,0,30,0,17,47,real4.png,Safe,,20,0,20,0,21,41,deepfake4.png,Cyber Attack,,7,0,15,10,32,39
19,real6.png,Safe,,40,0,40,0,4,44,deepfake3.png,Cyber Attack,,10,0,20,10,27,37,real4.png,Safe,,25,0,25,0,19,44
1,deepfake4.png,Cyber Attack,,25,0,50,10,22,47,real6.png,Safe,,60,0,60,0,27,87,real6.png,Cyber Attack,,20,0,40,10,51,71
2,deepfake1.png,Cyber Attack,,15,0,30,10,52,67,real6.png,Cyber Attack,,10,0,20,10,46,56,real4.png,Safe,,20,0,20,0,30,50
11,deepfake4.png,Cyber Attack,,7,0,15,10,32,39,real6.png,Safe,,20,0,20,0,23,43,deepfake1.png,Cyber Attack,,12,0,25,10,17,29
19,real6.png,Safe,,40,0,40,0,4,44,deepfake3.png,Cyber Attack,,10,0,20,10,27,37,real4.png,Safe,,25,0,25,0,19,44
15,real6.png,Cyber Attack,,20,0,40,10,51,71,deepfake1.png,Cyber Attack,,15,0,30,10,52,67,real6.png,Cyber Attack,,10,0,20,10,46,56
14,deepfake2.png,Cyber Attack,,7,0,15,10,45,52,deepfake4.png,Cyber Attack,,25,0,50,10,22,47,real6.png,Safe,,60,0,60,0,27,87
3,deepfake5.png,Safe,,20,0,20,0,28,48,real6.png,Cyber Attack,,10,0,20,10,26,36,real4.png,Safe,,30,0,30,0,17,47
10,real6.png,Cyber Attack,,10,0,20,10,26,36,real4.png,Safe,,30,0,30,0,17,47,real4.png,Safe,,20,0,20,0,21,41
13,real4.png,Safe,,25,0,25,0,19,44,real4.png,Safe,,25,0,25,0,31,56,real4.png,Safe,,20,0,20,0,40,60
17,real4.png,Safe,,30,0,30,0,17,47,real4.png,Safe,,20,0,20,0,21,41,deepfake4.png,Cyber Attack,,7,0,15,10,32,39
6,deepfake3.png,Cyber Attack,,10,0,20,10,27,37,real4.png,Safe,,25,0,25,0,19,44,real4.png,Safe,,25,0,25,0,31,56
1,deepfake4.png,Cyber Attack,,25,0,50,10,22,47,real6.png,Safe,,60,0,60,0,27,87,real6.png,Cyber Attack,,20,0,40,10,51,71
1,deepfake4.png,Cyber Attack,,25,0,50,10,22,47,real6.png,Safe,,60,0,60,0,27,87,real6.png,Cyber Attack,,20,0,40,10,51,71
13,real4.png,Safe,,25,0,25,0,19,44,real4.png,Safe,,25,0,25,0,31,56,real4.png,Safe,,20,0,20,0,40,60
8,real6.png,Safe,,60,0,60,0,27,87,real6.png,Cyber Attack,,20,0,40,10,51,71,deepfake1.png,Cyber Attack,,15,0,30,10,52,67
16,real4.png,Safe,,20,0,20,0,30,50,deepfake5.png,Safe,,20,0,20,0,28,48,real6.png,Cyber Attack,,10,0,20,10,26,36
18,real6.png,Safe,,20,0,20,0,23,43,deepfake1.png,Cyber Attack,,12,0,25,10,17,29,deepfake3.png,Safe,,20,0,20,0,13,33
10,real6.png,Cyber Attack,,10,0,20,10,26,36,real4.png,Safe,,30,0,30,0,17,47,real4.png,Safe,,20,0,20,0,21,41
2,deepfake1.png,Cyber Attack,,15,0,30,10,52,67,real6.png,Cyber Attack,,10,0,20,10,46,56,real4.png,Safe,,20,0,20,0,30,50
10,real6.png,Cyber Attack,,10,0,20,10,26,36,real4.png,Safe,,30,0,30,0,17,47,real4.png,Safe,,20,0,20,0,21,41
14,deepfake2.png,Cyber Attack,,7,0,15,10,45,52,deepfake4.png,Cyber Attack,,25,0,50,10,22,47,real6.png,Safe,,60,0,60,0,27,87
14,deepfake2.png,Cyber Attack,,7,0,15,10,45,52,deepfake4.png,Cyber Attack,,25,0,50,10,22,47,real6.png,Safe,,60,0,60,0,27,87
18,real6.png,Safe,,20,0,20,0,23,43,deepfake1.png,Cyber Attack,,12,0,25,10,17,29,deepfake3.png,Safe,,20,0,20,0,13,33
4,real4.png,Safe,,20,0,20,0,21,41,deepfake4.png,Cyber Attack,,7,0,15,10,32,39,real6.png,Safe,,20,0,20,0,23,43
6,deepfake3.png,Cyber Attack,,10,0,20,10,27,37,real4.png,Safe,,25,0,25,0,19,44,real4.png,Safe,,25,0,25,0,31,56
13,real4.png,Safe,,25,0,25,0,19,44,real4.png,Safe,,25,0,25,0,31,56,real4.png,Safe,,20,0,20,0,40,60
17,real4.png,Safe,,30,0,30,0,17,47,real4.png,Safe,,20,0,20,0,21,41,deepfake4.png,Cyber Attack,,7,0,15,10,32,39
9,real6.png,Cyber Attack,,10,0,20,10,46,56,real4.png,Safe,,20,0,20,0,30,50,deepfake5.png,Safe,,20,0,20,0,28,48
7,real4.png,Safe,,20,0,20,0,40,60,deepfake2.png,Cyber Attack,,7,0,15,10,45,52,deepfake4.png,Cyber Attack,,25,0,50,10,22,47
17,real4.png,Safe,,30,0,30,0,17,47,real4.png,Safe,,20,0,20,0,21,41,deepfake4.png,Cyber Attack,,7,0,15,10,32,39
6,deepfake3.png,Cyber Attack,,10,0,20,10,27,37,real4.png,Safe,,25,0,25,0,19,44,real4.png,Safe,,25,0,25,0,31,56
5,deepfake1.png,Cyber Attack,,12,0,25,10,17,29,deepfake3.png,Safe,,20,0,20,0,13,33,real6.png,Safe,,40,0,40,0,4,44
20,real4.png,Safe,,25,0,25,0,31,56,real4.png,Safe,,20,0,20,0,40,60,deepfake2.png,Cyber Attack,,7,0,15,10,45,52
19,real6.png,Safe,,40,0,40,0,4,44,deepfake3.png,Cyber Attack,,10,0,20,10,27,37,real4.png,Safe,,25,0,25,0,19,44
12,deepfake3.png,Safe,,20,0,20,0,13,33,real6.png,Safe,,40,0,40,0,4,44,deepfake3.png,Cyber Attack,,10,0,20,10,27,37
18,real6.png,Safe,,20,0,20,0,23,43,deepfake1.png,Cyber Attack,,12,0,25,10,17,29,deepfake3.png,Safe,,20,0,20,0,13,33
10,real6.png,Cyber Attack,,10,0,20,10,26,36,real4.png,Safe,,30,0,30,0,17,47,real4.png,Safe,,20,0,20,0,21,41
16,real4.png,Safe,,20,0,20,0,30,50,deepfake5.png,Safe,,20,0,20,0,28,48,real6.png,Cyber Attack,,10,0,20,10,26,36
1,deepfake4.png,Cyber Attack,,25,0,50,10,22,47,real6.png,Safe,,60,0,60,0,27,87,real6.png,Cyber Attack,,20,0,40,10,51,71
19,real6.png,Safe,,40,0,40,0,4,44,deepfake3.png,Cyber Attack,,10,0,20,10,27,37,real4.png,Safe,,25,0,25,0,19,44
2,deepfake1.png,Cyber Attack,,15,0,30,10,52,67,real6.png,Cyber Attack,,10,0,20,10,46,56,real4.png,Safe,,20,0,20,0,30,50
7,real4.png,Safe,,20,0,20,0,40,60,deepfake2.png,Cyber Attack,,7,0,15,10,45,52,deepfake4.png,Cyber Attack,,25,0,50,10,22,47
18,real6.png,Safe,,20,0,20,0,23,43,deepfake1.png,Cyber Attack,,12,0,25,10,17,29,deepfake3.png,Safe,,20,0,20,0,13,33
5,deepfake1.png,Cyber Attack,,12,0,25,10,17,29,deepfake3.png,Safe,,20,0,20,0,13,33,real6.png,Safe,,40,0,40,0,4,44
18,real6.png,Safe,,20,0,20,0,23,43,deepfake1.png,Cyber Attack,,12,0,25,10,17,29,deepfake3.png,Safe,,20,0,20,0,13,33
10,real6.png,Cyber Attack,,10,0,20,10,26,36,real4.png,Safe,,30,0,30,0,17,47,real4.png,Safe,,20,0,20,0,21,41
14,deepfake2.png,Cyber Attack,,7,0,15,10,45,52,deepfake4.png,Cyber Attack,,25,0,50,10,22,47,real6.png,Safe,,60,0,60,0,27,87
2,deepfake1.png,Cyber Attack,,15,0,30,10,52,67,real6.png,Cyber Attack,,10,0,20,10,46,56,real4.png,Safe,,20,0,20,0,30,50
13,real4.png,Safe,,25,0,25,0,19,44,real4.png,Safe,,25,0,25,0,31,56,real4.png,Safe,,20,0,20,0,40,60
16,real4.png,Safe,,20,0,20,0,30,50,deepfake5.png,Safe,,20,0,20,0,28,48,real6.png,Cyber Attack,,10,0,20,10,26,36
19,real6.png,Safe,,40,0,40,0,4,44,deepfake3.png,Cyber Attack,,10,0,20,10,27,37,real4.png,Safe,,25,0,25,0,19,44
9,real6.png,Cyber Attack,,10,0,20,10,46,56,real4.png,Safe,,20,0,20,0,30,50,deepfake5.png,Safe,,20,0,20,0,28,48
7,real4.png,Safe,,20,0,20,0,40,60,deepfake2.png,Cyber Attack,,7,0,15,10,45,52,deepfake4.png,Cyber Attack,,25,0,50,10,22,47
9,real6.png,Cyber Attack,,10,0,20,10,46,56,real4.png,Safe,,20,0,20,0,30,50,deepfake5.png,Safe,,20,0,20,0,28,48
2,deepfake1.png,Cyber Attack,,15,0,30,10,52,67,real6.png,Cyber Attack,,10,0,20,10,46,56,real4.png,Safe,,20,0,20,0,30,50
19,real6.png,Safe,,40,0,40,0,4,44,deepfake3.png,Cyber Attack,,10,0,20,10,27,37,real4.png,Safe,,25,0,25,0,19,44
8,real6.png,Safe,,60,0,60,0,27,87,real6.png,Cyber Attack,,20,0,40,10,51,71,deepfake1.png,Cyber Attack,,15,0,30,10,52,67
13,real4.png,Safe,,25,0,25,0,19,44,real4.png,Safe,,25,0,25,0,31,56,real4.png,Safe,,20,0,20,0,40,60
6,deepfake3.png,Cyber Attack,,10,0,20,10,27,37,real4.png,Safe,,25,0,25,0,19,44,real4.png,Safe,,25,0,25,0,31,56
4,real4.png,Safe,,20,0,20,0,21,41,deepfake4.png,Cyber Attack,,7,0,15,10,32,39,real6.png,Safe,,20,0,20,0,23,43
9,real6.png,Cyber Attack,,10,0,20,10,46,56,real4.png,Safe,,20,0,20,0,30,50,deepfake5.png,Safe,,20,0,20,0,28,48
20,real4.png,Safe,,25,0,25,0,31,56,real4.png,Safe,,20,0,20,0,40,60,deepfake2.png,Cyber Attack,,7,0,15,10,45,52
19,real6.png,Safe,,40,0,40,0,4,44,deepfake3.png,Cyber Attack,,10,0,20,10,27,37,real4.png,Safe,,25,0,25,0,19,44
12,deepfake3.png,Safe,,20,0,20,0,13,33,real6.png,Safe,,40,0,40,0,4,44,deepfake3.png,Cyber Attack,,10,0,20,10,27,37
18,real6.png,Safe,,20,0,20,0,23,43,deepfake1.png,Cyber Attack,,12,0,25,10,17,29,deepfake3.png,Safe,,20,0,20,0,13,33
10,real6.png,Cyber Attack,,10,0,20,10,26,36,real4.png,Safe,,30,0,30,0,17,47,real4.png,Safe,,20,0,20,0,21,41
5,deepfake1.png,Cyber Attack,,12,0,25,10,17,29,deepfake3.png,Safe,,20,0,20,0,13,33,real6.png,Safe,,40,0,40,0,4,44
1,deepfake4.png,Cyber Attack,,25,0,50,10,22,47,real6.png,Safe,,60,0,60,0,27,87,real6.png,Cyber Attack,,20,0,40,10,51,71
7,real4.png,Safe,,20,0,20,0,40,60,deepfake2.png,Cyber Attack,,7,0,15,10,45,52,deepfake4.png,Cyber Attack,,25,0,50,10,22,47
19,real6.png,Safe,,40,0,40,0,4,44,deepfake3.png,Cyber Attack,,10,0,20,10,27,37,real4.png,Safe,,25,0,25,0,19,44
20,real4.png,Safe,,25,0,25,0,31,56,real4.png,Safe,,20,0,20,0,40,60,deepfake2.png,Cyber Attack,,7,0,15,10,45,52
7,real4.png,Safe,,20,0,20,0,40,60,deepfake2.png,Cyber Attack,,7,0,15,10,45,52,deepfake4.png,Cyber Attack,,25,0,50,10,22,47
6,deepfake3.png,Cyber Attack,,10,0,20,10,27,37,real4.png,Safe,,25,0,25,0,19,44,real4.png,Safe,,25,0,25,0,31,56
12,deepfake3.png,Safe,,20,0,20,0,13,33,real6.png,Safe,,40,0,40,0,4,44,deepfake3.png,Cyber Attack,,10,0,20,10,27,37
2,deepfake1.png,Cyber Attack,,15,0,30,10,52,67,real6.png,Cyber Attack,,10,0,20,10,46,56,real4.png,Safe,,20,0,20,0,30,50
11,deepfake4.png,Cyber Attack,,7,0,15,10,32,39,real6.png,Safe,,20,0,20,0,23,43,deepfake1.png,Cyber Attack,,12,0,25,10,17,29
12,deepfake3.png,Safe,,20,0,20,0,13,33,real6.png,Safe,,40,0,40,0,4,44,deepfake3.png,Cyber Attack,,10,0,20,10,27,37
9,real6.png,Cyber Attack,,10,0,20,10,46,56,real4.png,Safe,,20,0,20,0,30,50,deepfake5.png,Safe,,20,0,20,0,28,48
12,deepfake3.png,Safe,,20,0,20,0,13,33,real6.png,Safe,,40,0,40,0,4,44,deepfake3.png,Cyber Attack,,10,0,20,10,27,37
19,real6.png,Safe,,40,0,40,0,4,44,deepfake3.png,Cyber Attack,,10,0,20,10,27,37,real4.png,Safe,,25,0,25,0,19,44
13,real4.png,Safe,,25,0,25,0,19,44,real4.png,Safe,,25,0,25,0,31,56,real4.png,Safe,,20,0,20,0,40,60
19,real6.png,Safe,,40,0,40,0,4,44,deepfake3.png,Cyber Attack,,10,0,20,10,27,37,real4.png,Safe,,25,0,25,0,19,44
18,real6.png,Safe,,20,0,20,0,23,43,deepfake1.png,Cyber Attack,,12,0,25,10,17,29,deepfake3.png,Safe,,20,0,20,0,13,33
1,deepfake4.png,Cyber Attack,,25,0,50,10,22,47,real6.png,Safe,,60,0,60,0,27,87,real6.png,Cyber Attack,,20,0,40,10,51,71
14,deepfake2.png,Cyber Attack,,7,0,15,10,45,52,deepfake4.png,Cyber Attack,,25,0,50,10,22,47,real6.png,Safe,,60,0,60,0,27,87
6,deepfake3.png,Cyber Attack,,10,0,20,10,27,37,real4.png,Safe,,25,0,25,0,19,44,real4.png,Safe,,25,0,25,0,31,56
19,real6.png,Safe,,40,0,40,0,4,44,deepfake3.png,Cyber Attack,,10,0,20,10,27,37,real4.png,Safe,,25,0,25,0,19,44
8,real6.png,Safe,,60,0,60,0,27,87,real6.png,Cyber Attack,,20,0,40,10,51,71,deepfake1.png,Cyber Attack,,15,0,30,10,52,67
10,real6.png,Cyber Attack,,10,0,20,10,26,36,real4.png,Safe,,30,0,30,0,17,47,real4.png,Safe,,20,0,20,0,21,41
19,real6.png,Safe,,40,0,40,0,4,44,deepfake3.png,Cyber Attack,,10,0,20,10,27,37,real4.png,Safe,,25,0,25,0,19,44
14,deepfake2.png,Cyber Attack,,7,0,15,10,45,52,deepfake4.png,Cyber Attack,,25,0,50,10,22,47,real6.png,Safe,,60,0,60,0,27,87
20,real4.png,Safe,,25,0,25,0,31,56,real4.png,Safe,,20,0,20,0,40,60,deepfake2.png,Cyber Attack,,7,0,15,10,45,52
13,real4.png,Safe,,25,0,25,0,19,44,real4.png,Safe,,25,0,25,0,31,56,real4.png,Safe,,20,0,20,0,40,60
9,real6.png,Cyber Attack,,10,0,20,10,46,56,real4.png,Safe,,20,0,20,0,30,50,deepfake5.png,Safe,,20,0,20,0,28,48
13,real4.png,Safe,,25,0,25,0,19,44,real4.png,Safe,,25,0,25,0,31,56,real4.png,Safe,,20,0,20,0,40,60
19,real6.png,Safe,,40,0,40,0,4,44,deepfake3.png,Cyber Attack,,10,0,20,10,27,37,real4.png,Safe,,25,0,25,0,19,44
12,deepfake3.png,Safe,,20,0,20,0,13,33,real6.png,Safe,,40,0,40,0,4,44,deepfake3.png,Cyber Attack,,10,0,20,10,27,37
20,real4.png,Safe,,25,0,25,0,31,56,real4.png,Safe,,20,0,20,0,40,60,deepfake2.png,Cyber Attack,,7,0,15,10,45,52
15,real6.png,Cyber Attack,,20,0,40,10,51,71,deepfake1.png,Cyber Attack,,15,0,30,10,52,67,real6.png,Cyber Attack,,10,0,20,10,46,56
18,real6.png,Safe,,20,0,20,0,23,43,deepfake1.png,Cyber Attack,,12,0,25,10,17,29,deepfake3.png,Safe,,20,0,20,0,13,33
10,real6.png,Cyber Attack,,10,0,20,10,26,36,real4.png,Safe,,30,0,30,0,17,47,real4.png,Safe,,20,0,20,0,21,41
4,real4.png,Safe,,20,0,20,0,21,41,deepfake4.png,Cyber Attack,,7,0,15,10,32,39,real6.png,Safe,,20,0,20,0,23,43
12,deepfake3.png,Safe,,20,0,20,0,13,33,real6.png,Safe,,40,0,40,0,4,44,deepfake3.png,Cyber Attack,,10,0,20,10,27,37
20,real4.png,Safe,,25,0,25,0,31,56,real4.png,Safe,,20,0,20,0,40,60,deepfake2.png,Cyber Attack,,7,0,15,10,45,52
15,real6.png,Cyber Attack,,20,0,40,10,51,71,deepfake1.png,Cyber Attack,,15,0,30,10,52,67,real6.png,Cyber Attack,,10,0,20,10,46,56
5,deepfake1.png,Cyber Attack,,12,0,25,10,17,29,deepfake3.png,Safe,,20,0,20,0,13,33,real6.png,Safe,,40,0,40,0,4,44
11,deepfake4.png,Cyber Attack,,7,0,15,10,32,39,real6.png,Safe,,20,0,20,0,23,43,deepfake1.png,Cyber Attack,,12,0,25,10,17,29
7,real4.png,Safe,,20,0,20,0,40,60,deepfake2.png,Cyber Attack,,7,0,15,10,45,52,deepfake4.png,Cyber Attack,,25,0,50,10,22,47
4,real4.png,Safe,,20,0,20,0,21,41,deepfake4.png,Cyber Attack,,7,0,15,10,32,39,real6.png,Safe,,20,0,20,0,23,43
7,real4.png,Safe,,20,0,20,0,40,60,deepfake2.png,Cyber Attack,,7,0,15,10,45,52,deepfake4.png,Cyber Attack,,25,0,50,10,22,47
15,real6.png,Cyber Attack,,20,0,40,10,51,71,deepfake1.png,Cyber Attack,,15,0,30,10,52,67,real6.png,Cyber Attack,,10,0,20,10,46,56
14,deepfake2.png,Cyber Attack,,7,0,15,10,45,52,deepfake4.png,Cyber Attack,,25,0,50,10,22,47,real6.png,Safe,,60,0,60,0,27,87
18,real6.png,Safe,,20,0,20,0,23,43,deepfake1.png,Cyber Attack,,12,0,25,10,17,29,deepfake3.png,Safe,,20,0,20,0,13,33
8,real6.png,Safe,,60,0,60,0,27,87,real6.png,Cyber Attack,,20,0,40,10,51,71,deepfake1.png,Cyber Attack,,15,0,30,10,52,67
19,real6.png,Safe,,40,0,40,0,4,44,deepfake3.png,Cyber Attack,,10,0,20,10,27,37,real4.png,Safe,,25,0,25,0,19,44
4,real4.png,Safe,,20,0,20,0,21,41,deepfake4.png,Cyber Attack,,7,0,15,10,32,39,real6.png,Safe,,20,0,20,0,23,43
20,real4.png,Safe,,25,0,25,0,31,56,real4.png,Safe,,20,0,20,0,40,60,deepfake2.png,Cyber Attack,,7,0,15,10,45,52
6,deepfake3.png,Cyber Attack,,10,0,20,10,27,37,real4.png,Safe,,25,0,25,0,19,44,real4.png,Safe,,25,0,25,0,31,56
16,real4.png,Safe,,20,0,20,0,30,50,deepfake5.png,Safe,,20,0,20,0,28,48,real6.png,Cyber Attack,,10,0,20,10,26,36
9,real6.png,Cyber Attack,,10,0,20,10,46,56,real4.png,Safe,,20,0,20,0,30,50,deepfake5.png,Safe,,20,0,20,0,28,48
18,real6.png,Safe,,20,0,20,0,23,43,deepfake1.png,Cyber Attack,,12,0,25,10,17,29,deepfake3.png,Safe,,20,0,20,0,13,33
8,real6.png,Safe,,60,0,60,0,27,87,real6.png,Cyber Attack,,20,0,40,10,51,71,deepfake1.png,Cyber Attack,,15,0,30,10,52,67
10,real6.png,Cyber Attack,,10,0,20,10,26,36,real4.png,Safe,,30,0,30,0,17,47,real4.png,Safe,,20,0,20,0,21,41
6,deepfake3.png,Cyber Attack,,10,0,20,10,27,37,real4.png,Safe,,25,0,25,0,19,44,real4.png,Safe,,25,0,25,0,31,56
11,deepfake4.png,Cyber Attack,,7,0,15,10,32,39,real6.png,Safe,,20,0,20,0,23,43,deepfake1.png,Cyber Attack,,12,0,25,10,17,29
3,deepfake5.png,Safe,,20,0,20,0,28,48,real6.png,Cyber Attack,,10,0,20,10,26,36,real4.png,Safe,,30,0,30,0,17,47
18,real6.png,Safe,,20,0,20,0,23,43,deepfake1.png,Cyber Attack,,12,0,25,10,17,29,deepfake3.png,Safe,,20,0,20,0,13,33
4,real4.png,Safe,,20,0,20,0,21,41,deepfake4.png,Cyber Attack,,7,0,15,10,32,39,real6.png,Safe,,20,0,20,0,23,43
1,deepfake4.png,Cyber Attack,,25,0,50,10,22,47,real6.png,Safe,,60,0,60,0,27,87,real6.png,Cyber Attack,,20,0,40,10,51,71
7,real4.png,Safe,,20,0,20,0,40,60,deepfake2.png,Cyber Attack,,7,0,15,10,45,52,deepfake4.png,Cyber Attack,,25,0,50,10,22,47
16,real4.png,Safe,,20,0,20,0,30,50,deepfake5.png,Safe,,20,0,20,0,28,48,real6.png,Cyber Attack,,10,0,20,10,26,36
19,real6.png,Safe,,40,0,40,0,4,44,deepfake3.png,Cyber Attack,,10,0,20,10,27,37,real4.png,Safe,,25,0,25,0,19,44
19,real6.png,Safe,,40,0,40,0,4,44,deepfake3.png,Cyber Attack,,10,0,20,10,27,37,real4.png,Safe,,25,0,25,0,19,44
19,real6.png,Safe,,40,0,40,0,4,44,deepfake3.png,Cyber Attack,,10,0,20,10,27,37,real4.png,Safe,,25,0,25,0,19,44
5,deepfake1.png,Cyber Attack,,12,0,25,10,17,29,deepfake3.png,Safe,,20,0,20,0,13,33,real6.png,Safe,,40,0,40,0,4,44
9,real6.png,Cyber Attack,,10,0,20,10,46,56,real4.png,Safe,,20,0,20,0,30,50,deepfake5.png,Safe,,20,0,20,0,28,48
20,real4.png,Safe,,25,0,25,0,31,56,real4.png,Safe,,20,0,20,0,40,60,deepfake2.png,Cyber Attack,,7,0,15,10,45,52
11,deepfake4.png,Cyber Attack,,7,0,15,10,32,39,real6.png,Safe,,20,0,20,0,23,43,deepfake1.png,Cyber Attack,,12,0,25,10,17,29
11,deepfake4.png,Cyber Attack,,7,0,15,10,32,39,real6.png,Safe,,20,0,20,0,23,43,deepfake1.png,Cyber Attack,,12,0,25,10,17,29
7,real4.png,Safe,,20,0,20,0,40,60,deepfake2.png,Cyber Attack,,7,0,15,10,45,52,deepfake4.png,Cyber Attack,,25,0,50,10,22,47
3,deepfake5.png,Safe,,20,0,20,0,28,48,real6.png,Cyber Attack,,10,0,20,10,26,36,real4.png,Safe,,30,0,30,0,17,47
12,deepfake3.png,Safe,,20,0,20,0,13,33,real6.png,Safe,,40,0,40,0,4,44,deepfake3.png,Cyber Attack,,10,0,20,10,27,37
4,real4.png,Safe,,20,0,20,0,21,41,deepfake4.png,Cyber Attack,,7,0,15,10,32,39,real6.png,Safe,,20,0,20,0,23,43
18,real6.png,Safe,,20,0,20,0,23,43,deepfake1.png,Cyber Attack,,12,0,25,10,17,29,deepfake3.png,Safe,,20,0,20,0,13,33
10,real6.png,Cyber Attack,,10,0,20,10,26,36,real4.png,Safe,,30,0,30,0,17,47,real4.png,Safe,,20,0,20,0,21,41
1,deepfake4.png,Cyber Attack,,25,0,50,10,22,47,real6.png,Safe,,60,0,60,0,27,87,real6.png,Cyber Attack,,20,0,40,10,51,71
13,real4.png,Safe,,25,0,25,0,19,44,real4.png,Safe,,25,0,25,0,31,56,real4.png,Safe,,20,0,20,0,40,60
14,deepfake2.png,Cyber Attack,,7,0,15,10,45,52,deepfake4.png,Cyber Attack,,25,0,50,10,22,47,real6.png,Safe,,60,0,60,0,27,87
15,real6.png,Cyber Attack,,20,0,40,10,51,71,deepfake1.png,Cyber Attack,,15,0,30,10,52,67,real6.png,Cyber Attack,,10,0,20,10,46,56
13,real4.png,Safe,,25,0,25,0,19,44,real4.png,Safe,,25,0,25,0,31,56,real4.png,Safe,,20,0,20,0,40,60
5,deepfake1.png,Cyber Attack,,12,0,25,10,17,29,deepfake3.png,Safe,,20,0,20,0,13,33,real6.png,Safe,,40,0,40,0,4,44
14,deepfake2.png,Cyber Attack,,7,0,15,10,45,52,deepfake4.png,Cyber Attack,,25,0,50,10,22,47,real6.png,Safe,,60,0,60,0,27,87
19,real6.png,Safe,,40,0,40,0,4,44,deepfake3.png,Cyber Attack,,10,0,20,10,27,37,real4.png,Safe,,25,0,25,0,19,44
1,deepfake4.png,Cyber Attack,,25,0,50,10,22,47,real6.png,Safe,,60,0,60,0,27,87,real6.png,Cyber Attack,,20,0,40,10,51,71
7,real4.png,Safe,,20,0,20,0,40,60,deepfake2.png,Cyber Attack,,7,0,15,10,45,52,deepfake4.png,Cyber Attack,,25,0,50,10,22,47
3,deepfake5.png,Safe,,20,0,20,0,28,48,real6.png,Cyber Attack,,10,0,20,10,26,36,real4.png,Safe,,30,0,30,0,17,47
18,real6.png,Safe,,20,0,20,0,23,43,deepfake1.png,Cyber Attack,,12,0,25,10,17,29,deepfake3.png,Safe,,20,0,20,0,13,33
16,real4.png,Safe,,20,0,20,0,30,50,deepfake5.png,Safe,,20,0,20,0,28,48,real6.png,Cyber Attack,,10,0,20,10,26,36
8,real6.png,Safe,,60,0,60,0,27,87,real6.png,Cyber Attack,,20,0,40,10,51,71,deepfake1.png,Cyber Attack,,15,0,30,10,52,67
18,real6.png,Safe,,20,0,20,0,23,43,deepfake1.png,Cyber Attack,,12,0,25,10,17,29,deepfake3.png,Safe,,20,0,20,0,13,33
12,deepfake3.png,Safe,,20,0,20,0,13,33,real6.png,Safe,,40,0,40,0,4,44,deepfake3.png,Cyber Attack,,10,0,20,10,27,37
12,deepfake3.png,Safe,,20,0,20,0,13,33,real6.png,Safe,,40,0,40,0,4,44,deepfake3.png,Cyber Attack,,10,0,20,10,27,37
6,deepfake3.png,Cyber Attack,,10,0,20,10,27,37,real4.png,Safe,,25,0,25,0,19,44,real4.png,Safe,,25,0,25,0,31,56
1,deepfake4.png,Cyber Attack,,25,0,50,10,22,47,real6.png,Safe,,60,0,60,0,27,87,real6.png,Cyber Attack,,20,0,40,10,51,71
7,real4.png,Safe,,20,0,20,0,40,60,deepfake2.png,Cyber Attack,,7,0,15,10,45,52,deepfake4.png,Cyber Attack,,25,0,50,10,22,47
18,real6.png,Safe,,20,0,20,0,23,43,deepfake1.png,Cyber Attack,,12,0,25,10,17,29,deepfake3.png,Safe,,20,0,20,0,13,33
14,deepfake2.png,Cyber Attack,,7,0,15,10,45,52,deepfake4.png,Cyber Attack,,25,0,50,10,22,47,real6.png,Safe,,60,0,60,0,27,87
11,deepfake4.png,Cyber Attack,,7,0,15,10,32,39,real6.png,Safe,,20,0,20,0,23,43,deepfake1.png,Cyber Attack,,12,0,25,10,17,29
15,real6.png,Cyber Attack,,20,0,40,10,51,71,deepfake1.png,Cyber Attack,,15,0,30,10,52,67,real6.png,Cyber Attack,,10,0,20,10,46,56
19,real6.png,Safe,,40,0,40,0,4,44,deepfake3.png,Cyber Attack,,10,0,20,10,27,37,real4.png,Safe,,25,0,25,0,19,44
12,deepfake3.png,Safe,,20,0,20,0,13,33,real6.png,Safe,,40,0,40,0,4,44,deepfake3.png,Cyber Attack,,10,0,20,10,27,37
19,real6.png,Safe,,40,0,40,0,4,44,deepfake3.png,Cyber Attack,,10,0,20,10,27,37,real4.png,Safe,,25,0,25,0,19,44
19,real6.png,Safe,,40,0,40,0,4,44,deepfake3.png,Cyber Attack,,10,0,20,10,27,37,real4.png,Safe,,25,0,25,0,19,44
18,real6.png,Safe,,20,0,20,0,23,43,deepfake1.png,Cyber Attack,,12,0,25,10,17,29,deepfake3.png,Safe,,20,0,20,0,13,33
15,real6.png,Cyber Attack,,20,0,40,10,51,71,deepfake1.png,Cyber Attack,,15,0,30,10,52,67,real6.png,Cyber Attack,,10,0,20,10,46,56
16,real4.png,Safe,,20,0,20,0,30,50,deepfake5.png,Safe,,20,0,20,0,28,48,real6.png,Cyber Attack,,10,0,20,10,26,36
10,real6.png,Cyber Attack,,10,0,20,10,26,36,real4.png,Safe,,30,0,30,0,17,47,real4.png,Safe,,20,0,20,0,21,41
13,real4.png,Safe,,25,0,25,0,19,44,real4.png,Safe,,25,0,25,0,31,56,real4.png,Safe,,20,0,20,0,40,60
2,deepfake1.png,Cyber Attack,,15,0,30,10,52,67,real6.png,Cyber Attack,,10,0,20,10,46,56,real4.png,Safe,,20,0,20,0,30,50
12,deepfake3.png,Safe,,20,0,20,0,13,33,real6.png,Safe,,40,0,40,0,4,44,deepfake3.png,Cyber Attack,,10,0,20,10,27,37
8,real6.png,Safe,,60,0,60,0,27,87,real6.png,Cyber Attack,,20,0,40,10,51,71,deepfake1.png,Cyber Attack,,15,0,30,10,52,67
12,deepfake3.png,Safe,,20,0,20,0,13,33,real6.png,Safe,,40,0,40,0,4,44,deepfake3.png,Cyber Attack,,10,0,20,10,27,37
1,deepfake4.png,Cyber Attack,,25,0,50,10,22,47,real6.png,Safe,,60,0,60,0,27,87,real6.png,Cyber Attack,,20,0,40,10,51,71
15,real6.png,Cyber Attack,,20,0,40,10,51,71,deepfake1.png,Cyber Attack,,15,0,30,10,52,67,real6.png,Cyber Attack,,10,0,20,10,46,56
14,deepfake2.png,Cyber Attack,,7,0,15,10,45,52,deepfake4.png,Cyber Attack,,25,0,50,10,22,47,real6.png,Safe,,60,0,60,0,27,87
17,real4.png,Safe,,30,0,30,0,17,47,real4.png,Safe,,20,0,20,0,21,41,deepfake4.png,Cyber Attack,,7,0,15,10,32,39
2,deepfake1.png,Cyber Attack,,15,0,30,10,52,67,real6.png,Cyber Attack,,10,0,20,10,46,56,real4.png,Safe,,20,0,20,0,30,50
6,deepfake3.png,Cyber Attack,,10,0,20,10,27,37,real4.png,Safe,,25,0,25,0,19,44,real4.png,Safe,,25,0,25,0,31,56
14,deepfake2.png,Cyber Attack,,7,0,15,10,45,52,deepfake4.png,Cyber Attack,,25,0,50,10,22,47,real6.png,Safe,,60,0,60,0,27,87
14,deepfake2.png,Cyber Attack,,7,0,15,10,45,52,deepfake4.png,Cyber Attack,,25,0,50,10,22,47,real6.png,Safe,,60,0,60,0,27,87
16,real4.png,Safe,,20,0,20,0,30,50,deepfake5.png,Safe,,20,0,20,0,28,48,real6.png,Cyber Attack,,10,0,20,10,26,36
17,real4.png,Safe,,30,0,30,0,17,47,real4.png,Safe,,20,0,20,0,21,41,deepfake4.png,Cyber Attack,,7,0,15,10,32,39
16,real4.png,Safe,,20,0,20,0,30,50,deepfake5.png,Safe,,20,0,20,0,28,48,real6.png,Cyber Attack,,10,0,20,10,26,36
2,deepfake1.png,Cyber Attack,,15,0,30,10,52,67,real6.png,Cyber Attack,,10,0,20,10,46,56,real4.png,Safe,,20,0,20,0,30,50
8,real6.png,Safe,,60,0,60,0,27,87,real6.png,Cyber Attack,,20,0,40,10,51,71,deepfake1.png,Cyber Attack,,15,0,30,10,52,67
5,deepfake1.png,Cyber Attack,,12,0,25,10,17,29,deepfake3.png,Safe,,20,0,20,0,13,33,real6.png,Safe,,40,0,40,0,4,44
3,deepfake5.png,Safe,,20,0,20,0,28,48,real6.png,Cyber Attack,,10,0,20,10,26,36,real4.png,Safe,,30,0,30,0,17,47
15,real6.png,Cyber Attack,,20,0,40,10,51,71,deepfake1.png,Cyber Attack,,15,0,30,10,52,67,real6.png,Cyber Attack,,10,0,20,10,46,56
14,deepfake2.png,Cyber Attack,,7,0,15,10,45,52,deepfake4.png,Cyber Attack,,25,0,50,10,22,47,real6.png,Safe,,60,0,60,0,27,87
20,real4.png,Safe,,25,0,25,0,31,56,real4.png,Safe,,20,0,20,0,40,60,deepfake2.png,Cyber Attack,,7,0,15,10,45,52
4,real4.png,Safe,,20,0,20,0,21,41,deepfake4.png,Cyber Attack,,7,0,15,10,32,39,real6.png,Safe,,20,0,20,0,23,43
8,real6.png,Safe,,60,0,60,0,27,87,real6.png,Cyber Attack,,20,0,40,10,51,71,deepfake1.png,Cyber Attack,,15,0,30,10,52,67
19,real6.png,Safe,,40,0,40,0,4,44,deepfake3.png,Cyber Attack,,10,0,20,10,27,37,real4.png,Safe,,25,0,25,0,19,44
14,deepfake2.png,Cyber Attack,,7,0,15,10,45,52,deepfake4.png,Cyber Attack,,25,0,50,10,22,47,real6.png,Safe,,60,0,60,0,27,87
3,deepfake5.png,Safe,,20,0,20,0,28,48,real6.png,Cyber Attack,,10,0,20,10,26,36,real4.png,Safe,,30,0,30,0,17,47
4,real4.png,Safe,,20,0,20,0,21,41,deepfake4.png,Cyber Attack,,7,0,15,10,32,39,real6.png,Safe,,20,0,20,0,23,43
13,real4.png,Safe,,25,0,25,0,19,44,real4.png,Safe,,25,0,25,0,31,56,real4.png,Safe,,20,0,20,0,40,60
15,real6.png,Cyber Attack,,20,0,40,10,51,71,deepfake1.png,Cyber Attack,,15,0,30,10,52,67,real6.png,Cyber Attack,,10,0,20,10,46,56
18,real6.png,Safe,,20,0,20,0,23,43,deepfake1.png,Cyber Attack,,12,0,25,10,17,29,deepfake3.png,Safe,,20,0,20,0,13,33
1,deepfake4.png,Cyber Attack,,25,0,50,10,22,47,real6.png,Safe,,60,0,60,0,27,87,real6.png,Cyber Attack,,20,0,40,10,51,71
8,real6.png,Safe,,60,0,60,0,27,87,real6.png,Cyber Attack,,20,0,40,10,51,71,deepfake1.png,Cyber Attack,,15,0,30,10,52,67
4,real4.png,Safe,,20,0,20,0,21,41,deepfake4.png,Cyber Attack,,7,0,15,10,32,39,real6.png,Safe,,20,0,20,0,23,43
12,deepfake3.png,Safe,,20,0,20,0,13,33,real6.png,Safe,,40,0,40,0,4,44,deepfake3.png,Cyber Attack,,10,0,20,10,27,37
9,real6.png,Cyber Attack,,10,0,20,10,46,56,real4.png,Safe,,20,0,20,0,30,50,deepfake5.png,Safe,,20,0,20,0,28,48
18,real6.png,Safe,,20,0,20,0,23,43,deepfake1.png,Cyber Attack,,12,0,25,10,17,29,deepfake3.png,Safe,,20,0,20,0,13,33
2,deepfake1.png,Cyber Attack,,15,0,30,10,52,67,real6.png,Cyber Attack,,10,0,20,10,46,56,real4.png,Safe,,20,0,20,0,30,50
10,real6.png,Cyber Attack,,10,0,20,10,26,36,real4.png,Safe,,30,0,30,0,17,47,real4.png,Safe,,20,0,20,0,21,41
3,deepfake5.png,Safe,,20,0,20,0,28,48,real6.png,Cyber Attack,,10,0,20,10,26,36,real4.png,Safe,,30,0,30,0,17,47
11,deepfake4.png,Cyber Attack,,7,0,15,10,32,39,real6.png,Safe,,20,0,20,0,23,43,deepfake1.png,Cyber Attack,,12,0,25,10,17,29
13,real4.png,Safe,,25,0,25,0,19,44,real4.png,Safe,,25,0,25,0,31,56,real4.png,Safe,,20,0,20,0,40,60
17,real4.png,Safe,,30,0,30,0,17,47,real4.png,Safe,,20,0,20,0,21,41,deepfake4.png,Cyber Attack,,7,0,15,10,32,39
19,real6.png,Safe,,40,0,40,0,4,44,deepfake3.png,Cyber Attack,,10,0,20,10,27,37,real4.png,Safe,,25,0,25,0,19,44
15,real6.png,Cyber Attack,,20,0,40,10,51,71,deepfake1.png,Cyber Attack,,15,0,30,10,52,67,real6.png,Cyber Attack,,10,0,20,10,46,56
19,real6.png,Safe,,40,0,40,0,4,44,deepfake3.png,Cyber Attack,,10,0,20,10,27,37,real4.png,Safe,,25,0,25,0,19,44
12,deepfake3.png,Safe,,20,0,20,0,13,33,real6.png,Safe,,40,0,40,0,4,44,deepfake3.png,Cyber Attack,,10,0,20,10,27,37
16,real4.png,Safe,,20,0,20,0,30,50,deepfake5.png,Safe,,20,0,20,0,28,48,real6.png,Cyber Attack,,10,0,20,10,26,36
20,real4.png,Safe,,25,0,25,0,31,56,real4.png,Safe,,20,0,20,0,40,60,deepfake2.png,Cyber Attack,,7,0,15,10,45,52
9,real6.png,Cyber Attack,,10,0,20,10,46,56,real4.png,Safe,,20,0,20,0,30,50,deepfake5.png,Safe,,20,0,20,0,28,48
12,deepfake3.png,Safe,,20,0,20,0,13,33,real6.png,Safe,,40,0,40,0,4,44,deepfake3.png,Cyber Attack,,10,0,20,10,27,37
8,real6.png,Safe,,60,0,60,0,27,87,real6.png,Cyber Attack,,20,0,40,10,51,71,deepfake1.png,Cyber Attack,,15,0,30,10,52,67
1,deepfake4.png,Cyber Attack,,25,0,50,10,22,47,real6.png,Safe,,60,0,60,0,27,87,real6.png,Cyber Attack,,20,0,40,10,51,71
19,real6.png,Safe,,40,0,40,0,4,44,deepfake3.png,Cyber Attack,,10,0,20,10,27,37,real4.png,Safe,,25,0,25,0,19,44
19,real6.png,Safe,,40,0,40,0,4,44,deepfake3.png,Cyber Attack,,10,0,20,10,27,37,real4.png,Safe,,25,0,25,0,19,44
2,deepfake1.png,Cyber Attack,,15,0,30,10,52,67,real6.png,Cyber Attack,,10,0,20,10,46,56,real4.png,Safe,,20,0,20,0,30,50
12,deepfake3.png,Safe,,20,0,20,0,13,33,real6.png,Safe,,40,0,40,0,4,44,deepfake3.png,Cyber Attack,,10,0,20,10,27,37
11,deepfake4.png,Cyber Attack,,7,0,15,10,32,39,real6.png,Safe,,20,0,20,0,23,43,deepfake1.png,Cyber Attack,,12,0,25,10,17,29
4,real4.png,Safe,,20,0,20,0,21,41,deepfake4.png,Cyber Attack,,7,0,15,10,32,39,real6.png,Safe,,20,0,20,0,23,43
14,deepfake2.png,Cyber Attack,,7,0,15,10,45,52,deepfake4.png,Cyber Attack,,25,0,50,10,22,47,real6.png,Safe,,60,0,60,0,27,87
17,real4.png,Safe,,30,0,30,0,17,47,real4.png,Safe,,20,0,20,0,21,41,deepfake4.png,Cyber Attack,,7,0,15,10,32,39
17,real4.png,Safe,,30,0,30,0,17,47,real4.png,Safe,,20,0,20,0,21,41,deepfake4.png,Cyber Attack,,7,0,15,10,32,39
17,real4.png,Safe,,30,0,30,0,17,47,real4.png,Safe,,20,0,20,0,21,41,deepfake4.png,Cyber Attack,,7,0,15,10,32,39
14,deepfake2.png,Cyber Attack,,7,0,15,10,45,52,deepfake4.png,Cyber Attack,,25,0,50,10,22,47,real6.png,Safe,,60,0,60,0,27,87
14,deepfake2.png,Cyber Attack,,7,0,15,10,45,52,deepfake4.png,Cyber Attack,,25,0,50,10,22,47,real6.png,Safe,,60,0,60,0,27,87
14,deepfake2.png,Cyber Attack,,7,0,15,10,45,52,deepfake4.png,Cyber Attack,,25,0,50,10,22,47,real6.png,Safe,,60,0,60,0,27,87
19,real6.png,Safe,,40,0,40,0,4,44,deepfake3.png,Cyber Attack,,10,0,20,10,27,37,real4.png,Safe,,25,0,25,0,19,44
12,deepfake3.png,Safe,,20,0,20,0,13,33,real6.png,Safe,,40,0,40,0,4,44,deepfake3.png,Cyber Attack,,10,0,20,10,27,37
10,real6.png,Cyber Attack,,10,0,20,10,26,36,real4.png,Safe,,30,0,30,0,17,47,real4.png,Safe,,20,0,20,0,21,41
6,deepfake3.png,Cyber Attack,,10,0,20,10,27,37,real4.png,Safe,,25,0,25,0,19,44,real4.png,Safe,,25,0,25,0,31,56
2,deepfake1.png,Cyber Attack,,15,0,30,10,52,67,real6.png,Cyber Attack,,10,0,20,10,46,56,real4.png,Safe,,20,0,20,0,30,50
11,deepfake4.png,Cyber Attack,,7,0,15,10,32,39,real6.png,Safe,,20,0,20,0,23,43,deepfake1.png,Cyber Attack,,12,0,25,10,17,29
1,deepfake4.png,Cyber Attack,,25,0,50,10,22,47,real6.png,Safe,,60,0,60,0,27,87,real6.png,Cyber Attack,,20,0,40,10,51,71
13,real4.png,Safe,,25,0,25,0,19,44,real4.png,Safe,,25,0,25,0,31,56,real4.png,Safe,,20,0,20,0,40,60
4,real4.png,Safe,,20,0,20,0,21,41,deepfake4.png,Cyber Attack,,7,0,15,10,32,39,real6.png,Safe,,20,0,20,0,23,43
13,real4.png,Safe,,25,0,25,0,19,44,real4.png,Safe,,25,0,25,0,31,56,real4.png,Safe,,20,0,20,0,40,60
1,deepfake4.png,Cyber Attack,,25,0,50,10,22,47,real6.png,Safe,,60,0,60,0,27,87,real6.png,Cyber Attack,,20,0,40,10,51,71
6,deepfake3.png,Cyber Attack,,10,0,20,10,27,37,real4.png,Safe,,25,0,25,0,19,44,real4.png,Safe,,25,0,25,0,31,56
17,real4.png,Safe,,30,0,30,0,17,47,real4.png,Safe,,20,0,20,0,21,41,deepfake4.png,Cyber Attack,,7,0,15,10,32,39
13,real4.png,Safe,,25,0,25,0,19,44,real4.png,Safe,,25,0,25,0,31,56,real4.png,Safe,,20,0,20,0,40,60
16,real4.png,Safe,,20,0,20,0,30,50,deepfake5.png,Safe,,20,0,20,0,28,48,real6.png,Cyber Attack,,10,0,20,10,26,36
9,real6.png,Cyber Attack,,10,0,20,10,46,56,real4.png,Safe,,20,0,20,0,30,50,deepfake5.png,Safe,,20,0,20,0,28,48
11,deepfake4.png,Cyber Attack,,7,0,15,10,32,39,real6.png,Safe,,20,0,20,0,23,43,deepfake1.png,Cyber Attack,,12,0,25,10,17,29
14,deepfake2.png,Cyber Attack,,7,0,15,10,45,52,deepfake4.png,Cyber Attack,,25,0,50,10,22,47,real6.png,Safe,,60,0,60,0,27,87
9,real6.png,Cyber Attack,,10,0,20,10,46,56,real4.png,Safe,,20,0,20,0,30,50,deepfake5.png,Safe,,20,0,20,0,28,48
18,real6.png,Safe,,20,0,20,0,23,43,deepfake1.png,Cyber Attack,,12,0,25,10,17,29,deepfake3.png,Safe,,20,0,20,0,13,33
5,deepfake1.png,Cyber Attack,,12,0,25,10,17,29,deepfake3.png,Safe,,20,0,20,0,13,33,real6.png,Safe,,40,0,40,0,4,44
15,real6.png,Cyber Attack,,20,0,40,10,51,71,deepfake1.png,Cyber Attack,,15,0,30,10,52,67,real6.png,Cyber Attack,,10,0,20,10,46,56
19,real6.png,Safe,,40,0,40,0,4,44,deepfake3.png,Cyber Attack,,10,0,20,10,27,37,real4.png,Safe,,25,0,25,0,19,44
10,real6.png,Cyber Attack,,10,0,20,10,26,36,real4.png,Safe,,30,0,30,0,17,47,real4.png,Safe,,20,0,20,0,21,41
10,real6.png,Cyber Attack,,10,0,20,10,26,36,real4.png,Safe,,30,0,30,0,17,47,real4.png,Safe,,20,0,20,0,21,41
5,deepfake1.png,Cyber Attack,,12,0,25,10,17,29,deepfake3.png,Safe,,20,0,20,0,13,33,real6.png,Safe,,40,0,40,0,4,44
4,real4.png,Safe,,20,0,20,0,21,41,deepfake4.png,Cyber Attack,,7,0,15,10,32,39,real6.png,Safe,,20,0,20,0,23,43
1,deepfake4.png,Cyber Attack,,25,0,50,10,22,47,real6.png,Safe,,60,0,60,0,27,87,real6.png,Cyber Attack,,20,0,40,10,51,71
11,deepfake4.png,Cyber Attack,,7,0,15,10,32,39,real6.png,Safe,,20,0,20,0,23,43,deepfake1.png,Cyber Attack,,12,0,25,10,17,29
14,deepfake2.png,Cyber Attack,,7,0,15,10,45,52,deepfake4.png,Cyber Attack,,25,0,50,10,22,47,real6.png,Safe,,60,0,60,0,27,87
10,real6.png,Cyber Attack,,10,0,20,10,26,36,real4.png,Safe,,30,0,30,0,17,47,real4.png,Safe,,20,0,20,0,21,41
5,deepfake1.png,Cyber Attack,,12,0,25,10,17,29,deepfake3.png,Safe,,20,0,20,0,13,33,real6.png,Safe,,40,0,40,0,4,44
7,real4.png,Safe,,20,0,20,0,40,60,deepfake2.png,Cyber Attack,,7,0,15,10,45,52,deepfake4.png,Cyber Attack,,25,0,50,10,22,47
8,real6.png,Safe,,60,0,60,0,27,87,real6.png,Cyber Attack,,20,0,40,10,51,71,deepfake1.png,Cyber Attack,,15,0,30,10,52,67
13,real4.png,Safe,,25,0,25,0,19,44,real4.png,Safe,,25,0,25,0,31,56,real4.png,Safe,,20,0,20,0,40,60
5,deepfake1.png,Cyber Attack,,12,0,25,10,17,29,deepfake3.png,Safe,,20,0,20,0,13,33,real6.png,Safe,,40,0,40,0,4,44
14,deepfake2.png,Cyber Attack,,7,0,15,10,45,52,deepfake4.png,Cyber Attack,,25,0,50,10,22,47,real6.png,Safe,,60,0,60,0,27,87
17,real4.png,Safe,,30,0,30,0,17,47,real4.png,Safe,,20,0,20,0,21,41,deepfake4.png,Cyber Attack,,7,0,15,10,32,39
9,real6.png,Cyber Attack,,10,0,20,10,46,56,real4.png,Safe,,20,0,20,0,30,50,deepfake5.png,Safe,,20,0,20,0,28,48
1,deepfake4.png,Cyber Attack,,25,0,50,10,22,47,real6.png,Safe,,60,0,60,0,27,87,real6.png,Cyber Attack,,20,0,40,10,51,71
20,real4.png,Safe,,25,0,25,0,31,56,real4.png,Safe,,20,0,20,0,40,60,deepfake2.png,Cyber Attack,,7,0,15,10,45,52
12,deepfake3.png,Safe,,20,0,20,0,13,33,real6.png,Safe,,40,0,40,0,4,44,deepfake3.png,Cyber Attack,,10,0,20,10,27,37
13,real4.png,Safe,,25,0,25,0,19,44,real4.png,Safe,,25,0,25,0,31,56,real4.png,Safe,,20,0,20,0,40,60
13,real4.png,Safe,,25,0,25,0,19,44,real4.png,Safe,,25,0,25,0,31,56,real4.png,Safe,,20,0,20,0,40,60
8,real6.png,Safe,,60,0,60,0,27,87,real6.png,Cyber Attack,,20,0,40,10,51,71,deepfake1.png,Cyber Attack,,15,0,30,10,52,67
4,real4.png,Safe,,20,0,20,0,21,41,deepfake4.png,Cyber Attack,,7,0,15,10,32,39,real6.png,Safe,,20,0,20,0,23,43
7,real4.png,Safe,,20,0,20,0,40,60,deepfake2.png,Cyber Attack,,7,0,15,10,45,52,deepfake4.png,Cyber Attack,,25,0,50,10,22,47
5,deepfake1.png,Cyber Attack,,12,0,25,10,17,29,deepfake3.png,Safe,,20,0,20,0,13,33,real6.png,Safe,,40,0,40,0,4,44
8,real6.png,Safe,,60,0,60,0,27,87,real6.png,Cyber Attack,,20,0,40,10,51,71,deepfake1.png,Cyber Attack,,15,0,30,10,52,67
1,deepfake4.png,Cyber Attack,,25,0,50,10,22,47,real6.png,Safe,,60,0,60,0,27,87,real6.png,Cyber Attack,,20,0,40,10,51,71
12,deepfake3.png,Safe,,20,0,20,0,13,33,real6.png,Safe,,40,0,40,0,4,44,deepfake3.png,Cyber Attack,,10,0,20,10,27,37
11,deepfake4.png,Cyber Attack,,7,0,15,10,32,39,real6.png,Safe,,20,0,20,0,23,43,deepfake1.png,Cyber Attack,,12,0,25,10,17,29
19,real6.png,Safe,,40,0,40,0,4,44,deepfake3.png,Cyber Attack,,10,0,20,10,27,37,real4.png,Safe,,25,0,25,0,19,44
17,real4.png,Safe,,30,0,30,0,17,47,real4.png,Safe,,20,0,20,0,21,41,deepfake4.png,Cyber Attack,,7,0,15,10,32,39
10,real6.png,Cyber Attack,,10,0,20,10,26,36,real4.png,Safe,,30,0,30,0,17,47,real4.png,Safe,,20,0,20,0,21,41
1,deepfake4.png,Cyber Attack,,25,0,50,10,22,47,real6.png,Safe,,60,0,60,0,27,87,real6.png,Cyber Attack,,20,0,40,10,51,71
10,real6.png,Cyber Attack,,10,0,20,10,26,36,real4.png,Safe,,30,0,30,0,17,47,real4.png,Safe,,20,0,20,0,21,41
9,real6.png,Cyber Attack,,10,0,20,10,46,56,real4.png,Safe,,20,0,20,0,30,50,deepfake5.png,Safe,,20,0,20,0,28,48
20,real4.png,Safe,,25,0,25,0,31,56,real4.png,Safe,,20,0,20,0,40,60,deepfake2.png,Cyber Attack,,7,0,15,10,45,52
12,deepfake3.png,Safe,,20,0,20,0,13,33,real6.png,Safe,,40,0,40,0,4,44,deepfake3.png,Cyber Attack,,10,0,20,10,27,37
16,real4.png,Safe,,20,0,20,0,30,50,deepfake5.png,Safe,,20,0,20,0,28,48,real6.png,Cyber Attack,,10,0,20,10,26,36
9,real6.png,Cyber Attack,,10,0,20,10,46,56,real4.png,Safe,,20,0,20,0,30,50,deepfake5.png,Safe,,20,0,20,0,28,48
9,real6.png,Cyber Attack,,10,0,20,10,46,56,real4.png,Safe,,20,0,20,0,30,50,deepfake5.png,Safe,,20,0,20,0,28,48
7,real4.png,Safe,,20,0,20,0,40,60,deepfake2.png,Cyber Attack,,7,0,15,10,45,52,deepfake4.png,Cyber Attack,,25,0,50,10,22,47
20,real4.png,Safe,,25,0,25,0,31,56,real4.png,Safe,,20,0,20,0,40,60,deepfake2.png,Cyber Attack,,7,0,15,10,45,52
6,deepfake3.png,Cyber Attack,,10,0,20,10,27,37,real4.png,Safe,,25,0,25,0,19,44,real4.png,Safe,,25,0,25,0,31,56
4,real4.png,Safe,,20,0,20,0,21,41,deepfake4.png,Cyber Attack,,7,0,15,10,32,39,real6.png,Safe,,20,0,20,0,23,43
20,real4.png,Safe,,25,0,25,0,31,56,real4.png,Safe,,20,0,20,0,40,60,deepfake2.png,Cyber Attack,,7,0,15,10,45,52
11,deepfake4.png,Cyber Attack,,7,0,15,10,32,39,real6.png,Safe,,20,0,20,0,23,43,deepfake1.png,Cyber Attack,,12,0,25,10,17,29
12,deepfake3.png,Safe,,20,0,20,0,13,33,real6.png,Safe,,40,0,40,0,4,44,deepfake3.png,Cyber Attack,,10,0,20,10,27,37
16,real4.png,Safe,,20,0,20,0,30,50,deepfake5.png,Safe,,20,0,20,0,28,48,real6.png,Cyber Attack,,10,0,20,10,26,36
1,deepfake4.png,Cyber Attack,,25,0,50,10,22,47,real6.png,Safe,,60,0,60,0,27,87,real6.png,Cyber Attack,,20,0,40,10,51,71
8,real6.png,Safe,,60,0,60,0,27,87,real6.png,Cyber Attack,,20,0,40,10,51,71,deepfake1.png,Cyber Attack,,15,0,30,10,52,67
13,real4.png,Safe,,25,0,25,0,19,44,real4.png,Safe,,25,0,25,0,31,56,real4.png,Safe,,20,0,20,0,40,60
5,deepfake1.png,Cyber Attack,,12,0,25,10,17,29,deepfake3.png,Safe,,20,0,20,0,13,33,real6.png,Safe,,40,0,40,0,4,44
1,deepfake4.png,Cyber Attack,,25,0,50,10,22,47,real6.png,Safe,,60,0,60,0,27,87,real6.png,Cyber Attack,,20,0,40,10,51,71
13,real4.png,Safe,,25,0,25,0,19,44,real4.png,Safe,,25,0,25,0,31,56,real4.png,Safe,,20,0,20,0,40,60
8,real6.png,Safe,,60,0,60,0,27,87,real6.png,Cyber Attack,,20,0,40,10,51,71,deepfake1.png,Cyber Attack,,15,0,30,10,52,67
19,real6.png,Safe,,40,0,40,0,4,44,deepfake3.png,Cyber Attack,,10,0,20,10,27,37,real4.png,Safe,,25,0,25,0,19,44
15,real6.png,Cyber Attack,,20,0,40,10,51,71,deepfake1.png,Cyber Attack,,15,0,30,10,52,67,real6.png,Cyber Attack,,10,0,20,10,46,56
1,deepfake4.png,Cyber Attack,,25,0,50,10,22,47,real6.png,Safe,,60,0,60,0,27,87,real6.png,Cyber Attack,,20,0,40,10,51,71
1,deepfake4.png,Cyber Attack,,25,0,50,10,22,47,real6.png,Safe,,60,0,60,0,27,87,real6.png,Cyber Attack,,20,0,40,10,51,71
5,deepfake1.png,Cyber Attack,,12,0,25,10,17,29,deepfake3.png,Safe,,20,0,20,0,13,33,real6.png,Safe,,40,0,40,0,4,44
15,real6.png,Cyber Attack,,20,0,40,10,51,71,deepfake1.png,Cyber Attack,,15,0,30,10,52,67,real6.png,Cyber Attack,,10,0,20,10,46,56
6,deepfake3.png,Cyber Attack,,10,0,20,10,27,37,real4.png,Safe,,25,0,25,0,19,44,real4.png,Safe,,25,0,25,0,31,56
9,real6.png,Cyber Attack,,10,0,20,10,46,56,real4.png,Safe,,20,0,20,0,30,50,deepfake5.png,Safe,,20,0,20,0,28,48
2,deepfake1.png,Cyber Attack,,15,0,30,10,52,67,real6.png,Cyber Attack,,10,0,20,10,46,56,real4.png,Safe,,20,0,20,0,30,50
5,deepfake1.png,Cyber Attack,,12,0,25,10,17,29,deepfake3.png,Safe,,20,0,20,0,13,33,real6.png,Safe,,40,0,40,0,4,44
15,real6.png,Cyber Attack,,20,0,40,10,51,71,deepfake1.png,Cyber Attack,,15,0,30,10,52,67,real6.png,Cyber Attack,,10,0,20,10,46,56
4,real4.png,Safe,,20,0,20,0,21,41,deepfake4.png,Cyber Attack,,7,0,15,10,32,39,real6.png,Safe,,20,0,20,0,23,43
16,real4.png,Safe,,20,0,20,0,30,50,deepfake5.png,Safe,,20,0,20,0,28,48,real6.png,Cyber Attack,,10,0,20,10,26,36
10,real6.png,Cyber Attack,,10,0,20,10,26,36,real4.png,Safe,,30,0,30,0,17,47,real4.png,Safe,,20,0,20,0,21,41
14,deepfake2.png,Cyber Attack,,7,0,15,10,45,52,deepfake4.png,Cyber Attack,,25,0,50,10,22,47,real6.png,Safe,,60,0,60,0,27,87
13,real4.png,Safe,,25,0,25,0,19,44,real4.png,Safe,,25,0,25,0,31,56,real4.png,Safe,,20,0,20,0,40,60
20,real4.png,Safe,,25,0,25,0,31,56,real4.png,Safe,,20,0,20,0,40,60,deepfake2.png,Cyber Attack,,7,0,15,10,45,52
5,deepfake1.png,Cyber Attack,,12,0,25,10,17,29,deepfake3.png,Safe,,20,0,20,0,13,33,real6.png,Safe,,40,0,40,0,4,44
8,real6.png,Safe,,60,0,60,0,27,87,real6.png,Cyber Attack,,20,0,40,10,51,71,deepfake1.png,Cyber Attack,,15,0,30,10,52,67
17,real4.png,Safe,,30,0,30,0,17,47,real4.png,Safe,,20,0,20,0,21,41,deepfake4.png,Cyber Attack,,7,0,15,10,32,39
15,real6.png,Cyber Attack,,20,0,40,10,51,71,deepfake1.png,Cyber Attack,,15,0,30,10,52,67,real6.png,Cyber Attack,,10,0,20,10,46,56
3,deepfake5.png,Safe,,20,0,20,0,28,48,real6.png,Cyber Attack,,10,0,20,10,26,36,real4.png,Safe,,30,0,30,0,17,47
7,real4.png,Safe,,20,0,20,0,40,60,deepfake2.png,Cyber Attack,,7,0,15,10,45,52,deepfake4.png,Cyber Attack,,25,0,50,10,22,47
17,real4.png,Safe,,30,0,30,0,17,47,real4.png,Safe,,20,0,20,0,21,41,deepfake4.png,Cyber Attack,,7,0,15,10,32,39
2,deepfake1.png,Cyber Attack,,15,0,30,10,52,67,real6.png,Cyber Attack,,10,0,20,10,46,56,real4.png,Safe,,20,0,20,0,30,50
7,real4.png,Safe,,20,0,20,0,40,60,deepfake2.png,Cyber Attack,,7,0,15,10,45,52,deepfake4.png,Cyber Attack,,25,0,50,10,22,47
18,real6.png,Safe,,20,0,20,0,23,43,deepfake1.png,Cyber Attack,,12,0,25,10,17,29,deepfake3.png,Safe,,20,0,20,0,13,33
1,deepfake4.png,Cyber Attack,,25,0,50,10,22,47,real6.png,Safe,,60,0,60,0,27,87,real6.png,Cyber Attack,,20,0,40,10,51,71
14,deepfake2.png,Cyber Attack,,7,0,15,10,45,52,deepfake4.png,Cyber Attack,,25,0,50,10,22,47,real6.png,Safe,,60,0,60,0,27,87
10,real6.png,Cyber Attack,,10,0,20,10,26,36,real4.png,Safe,,30,0,30,0,17,47,real4.png,Safe,,20,0,20,0,21,41
7,real4.png,Safe,,20,0,20,0,40,60,deepfake2.png,Cyber Attack,,7,0,15,10,45,52,deepfake4.png,Cyber Attack,,25,0,50,10,22,47
10,real6.png,Cyber Attack,,10,0,20,10,26,36,real4.png,Safe,,30,0,30,0,17,47,real4.png,Safe,,20,0,20,0,21,41
15,real6.png,Cyber Attack,,20,0,40,10,51,71,deepfake1.png,Cyber Attack,,15,0,30,10,52,67,real6.png,Cyber Attack,,10,0,20,10,46,56
7,real4.png,Safe,,20,0,20,0,40,60,deepfake2.png,Cyber Attack,,7,0,15,10,45,52,deepfake4.png,Cyber Attack,,25,0,50,10,22,47
15,real6.png,Cyber Attack,,20,0,40,10,51,71,deepfake1.png,Cyber Attack,,15,0,30,10,52,67,real6.png,Cyber Attack,,10,0,20,10,46,56
8,real6.png,Safe,,60,0,60,0,27,87,real6.png,Cyber Attack,,20,0,40,10,51,71,deepfake1.png,Cyber Attack,,15,0,30,10,52,67
13,real4.png,Safe,,25,0,25,0,19,44,real4.png,Safe,,25,0,25,0,31,56,real4.png,Safe,,20,0,20,0,40,60
19,real6.png,Safe,,40,0,40,0,4,44,deepfake3.png,Cyber Attack,,10,0,20,10,27,37,real4.png,Safe,,25,0,25,0,19,44
7,real4.png,Safe,,20,0,20,0,40,60,deepfake2.png,Cyber Attack,,7,0,15,10,45,52,deepfake4.png,Cyber Attack,,25,0,50,10,22,47
6,deepfake3.png,Cyber Attack,,10,0,20,10,27,37,real4.png,Safe,,25,0,25,0,19,44,real4.png,Safe,,25,0,25,0,31,56
1,deepfake4.png,Cyber Attack,,25,0,50,10,22,47,real6.png,Safe,,60,0,60,0,27,87,real6.png,Cyber Attack,,20,0,40,10,51,71
2,deepfake1.png,Cyber Attack,,15,0,30,10,52,67,real6.png,Cyber Attack,,10,0,20,10,46,56,real4.png,Safe,,20,0,20,0,30,50
7,real6.png,Safe,,,0,,,,,real4.png,Safe,7687689687,10,0,10.0,0,12.0,22.0,deepfake2.png,Cyber Attack,,,0,,,,
9,deepfake5.png,Cyber Attack,7687689687,7,0,15.0,10.0,0,7.0,deepfake4.png,Cyber Attack,,,0,,,,,deepfake2.png,Cyber Attack,,,0,,,,
1,deepfake1.png,Cyber Attack,123,2,0,5.0,10.0,33,35.0,deepfake1.png,Safe,,,0,,,,,None,None,,,0,,,,
2,deepfake2.png,Cyber Attack,,,0,,,,,real6.png,Safe,6,60,0,60.0,0,30.0,90.0,deepfake3.png,Safe,,,0,,,,
1,deepfake5.png,Cyber Attack,,,0,,,,,deepfake4.png,Safe,,,0,,,,,real4.png,Safe,12,4,0,4.0,0,31,35.0
2,real6.png,Cyber Attack,,,0,,,,,None,None,,,0,,,,,deepfake2.png,Cyber Attack,12,3,0,6.0,10.0,27.0,30.0
3,real4.png,Safe,,,0,,,,,deepfake2.png,Cyber Attack,,,0,,,,,real4.png,Safe,12,5,0,5.0,0,15.0,20.0
4,real4.png,Safe,1,9,0,9.0,0,13.0,22.0,real6.png,Safe,,,0,,,,,None,None,,,0,,,,
5,deepfake3.png,Cyber Attack,,,0,,,,,deepfake2.png,Safe,,,0,,,,,real4.png,Safe,12,8,0,8.0,0,8.0,16.0
6,real6.png,Safe,,,0,,,,,real4.png,Cyber Attack,,,0,,,,,deepfake1.png,Cyber Attack,123,5,0,10.0,10.0,4.0,9.0
7,deepfake1.png,Cyber Attack,,,0,,,,,deepfake2.png,Cyber Attack,,,0,,,,,deepfake3.png,Cyber Attack,12,10,0,20.0,10.0,1.0,11.0
7,real4.png,Safe,112,20,0,20.0,0,0,20.0,None,None,,,0,,,,,real6.png,Safe,,,0,,,,
1,deepfake5.png,Safe,12,10,0,10.0,0,34,44.0,deepfake1.png,Cyber Attack,,,0,,,,,None,None,,,0,,,,
2,real4.png,Safe,1,10,0,10.0,0,29.0,39.0,deepfake2.png,Cyber Attack,,,0,,,,,None,None,,,0,,,,
1,real4.png,Safe,,,0,,,,,None,None,,,0,,,,,deepfake1.png,Safe,12,10,0,10.0,0,30,40.0
2,deepfake4.png,Cyber Attack,,,0,,,,,deepfake2.png,Cyber Attack,10,5,0,10.0,10.0,26.0,31.0,None,None,,,0,,,,
5,real6.png,Safe,10,10,0,10.0,0,25.0,35.0,deepfake3.png,Cyber Attack,,,0,,,,,None,None,,,0,,,,
1,None,None,,,0,,,,,real4.png,Safe,10,10,0,10.0,0,30,40.0,real4.png,Safe,,,0,,,,
2,real4.png,Safe,,,0,,,,,real4.png,Cyber Attack,10,5,0,10.0,10.0,29.0,34.0,deepfake4.png,Cyber Attack,,,0,,,,
4,real6.png,Safe,,,0,,,,,real4.png,Cyber Attack,,,0,,,,,real6.png,Safe,10,10,0,10.0,0,25.0,35.0
5,real6.png,Safe,,,0,,,,,real4.png,Cyber Attack,10,2,0,5.0,10.0,27.0,29.0,None,None,,,0,,,,
7,deepfake3.png,Cyber Attack,,,0,,,,,real6.png,Safe,,,0,,,,,real6.png,Safe,10,10,0,10.0,0,21.0,31.0
9,None,None,,,0,,,,,real6.png,Safe,,,0,,,,,real4.png,Safe,10,10,0,10.0,0,21.0,31.0
10,deepfake4.png,Cyber Attack,,,0,,,,,None,None,,,0,,,,,real4.png,Safe,10,10,0,10.0,0,25.0,35.0
11,real4.png,Safe,10,10,0,10.0,0,22.0,32.0,None,None,,,0,,,,,real4.png,Cyber Attack,,,0,,,,
12,real4.png,Safe,10,15,0,15.0,0,26.0,41.0,None,None,,,0,,,,,real4.png,Safe,,,0,,,,
13,real6.png,Cyber Attack,,,0,,,,,real6.png,Safe,,,0,,,,,real4.png,Cyber Attack,10,5,0,10.0,10.0,35.0,40.0
14,deepfake3.png,Safe,,,0,,,,,real6.png,Safe,,,0,,,,,real6.png,Safe,20,10,0,10.0,0,34.0,44.0
15,None,None,,,0,,,,,real4.png,Safe,,,0,,,,,real6.png,Safe,12,10,0,10.0,0,38.0,48.0
<<<<<<< HEAD
1,real4.png,Safe,,,0,,,,,real4.png,Safe,10,10,0,10.0,0,28,38.0,None,None,,,0,,,,
=======
1,real6.png,Safe,7687689687,15,0,15.0,0,30,45.0,None,None,,,0,,,,,deepfake4.png,Cyber Attack,,,0,,,,
3,None,None,,,0,,,,,real6.png,Safe,,,0,,,,,real6.png,Cyber Attack,7687689687,7,0,15.0,10.0,17.0,24.0
1,None,None,,,0,,,,,real6.png,Cyber Attack,7687689687,7,0,15.0,10.0,29,36.0,real6.png,Safe,,,0,,,,
3,real6.png,Safe,7687689687,20,0,20.0,0,18.0,38.0,real6.png,Safe,,,0,,,,,real4.png,Safe,,,0,,,,
1,None,None,,,0,,,,,real4.png,Safe,7687689687,20,0,20.0,0,28,48.0,deepfake5.png,Cyber Attack,,,0,,,,
3,real6.png,Safe,7687689687,15,0,15.0,0,28.0,43.0,None,None,,,0,,,,,deepfake5.png,Safe,,,0,,,,
5,real6.png,Safe,,,0,,,,,deepfake5.png,Safe,7687689687,22,0,22.0,0,28.0,50.0,deepfake3.png,Cyber Attack,,,0,,,,
7,real4.png,Safe,7687689687,15,0,15.0,0,34.0,49.0,real6.png,Cyber Attack,,,0,,,,,real4.png,Safe,,,0,,,,
9,real6.png,Cyber Attack,7687689687,7,0,15.0,10.0,31.0,38.0,deepfake5.png,Cyber Attack,,,0,,,,,None,None,,,0,,,,
11,real6.png,Safe,7687689687,20,0,20.0,0,17.0,37.0,real6.png,Safe,,,0,,,,,None,None,,,0,,,,
13,real4.png,Safe,7687689687,20,0,20.0,0,25.0,45.0,None,None,,,0,,,,,real4.png,Cyber Attack,,,0,,,,
<<<<<<< HEAD
>>>>>>> 339326a971b15f5441f041d15d64341e53c5da5c
=======
1,real6.png,Cyber Attack,,,0,,,,,real4.png,Safe,7687689687,20,0,20.0,0,37,57.0,deepfake2.png,Cyber Attack,,,0,,,,
3,None,None,,,0,,,,,real4.png,Safe,7687689687,15,0,15.0,0,37.0,52.0,real4.png,Safe,,,0,,,,
5,None,None,,,0,,,,,real4.png,Safe,7687689687,15,0,15.0,0,31.0,46.0,deepfake3.png,Cyber Attack,,,0,,,,
3,deepfake6.png,Cyber Attack,7687689687,12,0,25.0,10.0,10,22.0,deepfake3.png,Cyber Attack,,,0,,,,,None,None,,,0,,,,
5,real8.png,Safe,,,0,,,,,real6.png,Safe,7687689687,20,0,20.0,0,11.0,31.0,None,None,,,0,,,,
>>>>>>> 1c0ed754f1f87fd0bd7de997086819b8e2a95873
